{
  "Use Non-ASCII Font" : false,
  "Tags" : [

  ],
  "Ansi 12 Color" : {
    "Red Component" : 0.50362074375152588,
    "Color Space" : "sRGB",
    "Blue Component" : 0.93830865621566772,
    "Alpha Component" : 1,
    "Green Component" : 0.52473753690719604
  },
  "Ansi 7 Color" : {
    "Red Component" : 0.68714767694473267,
    "Color Space" : "sRGB",
    "Blue Component" : 0.57018667459487915,
    "Alpha Component" : 1,
    "Green Component" : 0.60412180423736572
  },
  "Ansi 8 Color" : {
    "Red Component" : 0.30631864070892334,
    "Color Space" : "sRGB",
    "Blue Component" : 0.37915268540382385,
    "Alpha Component" : 1,
    "Green Component" : 0.29604294896125793
  },
  "Bold Color" : {
    "Red Component" : 0.68765389919281006,
    "Color Space" : "sRGB",
    "Blue Component" : 0.57151532173156738,
    "Alpha Component" : 1,
    "Green Component" : 0.60587692260742188
  },
  "Ansi 9 Color" : {
    "Red Component" : 0.85255277156829834,
    "Color Space" : "sRGB",
    "Blue Component" : 0.24566292762756348,
    "Alpha Component" : 1,
    "Green Component" : 0.26736658811569214
  },
  "Ansi 6 Color" : {
    "Red Component" : 0.55948179960250854,
    "Color Space" : "sRGB",
    "Blue Component" : 0.66436171531677246,
    "Alpha Component" : 1,
    "Green Component" : 0.68250828981399536
  },
  "Ansi 5 Color" : {
    "Red Component" : 0.63061982393264771,
    "Color Space" : "sRGB",
    "Blue Component" : 0.48387730121612549,
    "Alpha Component" : 1,
    "Green Component" : 0.48748856782913208
  },
  "Rows" : 25,
  "Default Bookmark" : "No",
  "Blend" : 0.58755033827319592,
  "Cursor Guide Color" : {
    "Red Component" : 0.70213186740875244,
    "Color Space" : "sRGB",
    "Blue Component" : 1,
    "Alpha Component" : 0.25,
    "Green Component" : 0.9268307089805603
  },
  "Non-ASCII Anti Aliased" : true,
  "Use Bright Bold" : true,
  "Ansi 10 Color" : {
    "Red Component" : 0.84033876657485962,
    "Color Space" : "sRGB",
    "Blue Component" : 0.30724328756332397,
    "Alpha Component" : 1,
    "Green Component" : 0.69045394659042358
  },
  "Ambiguous Double Width" : false,
  "Jobs to Ignore" : [
    "rlogin",
    "ssh",
    "slogin",
    "telnet"
  ],
  "Ansi 15 Color" : {
    "Red Component" : 0.82172626256942749,
    "Color Space" : "sRGB",
    "Blue Component" : 0.66371840238571167,
    "Alpha Component" : 1,
    "Green Component" : 0.78160238265991211
  },
  "Foreground Color" : {
    "Red Component" : 0.68714767694473267,
    "Color Space" : "sRGB",
    "Blue Component" : 0.57018667459487915,
    "Alpha Component" : 1,
    "Green Component" : 0.60412180423736572
  },
  "Working Directory" : "\/Users\/iapx86",
  "Blinking Cursor" : false,
  "Disable Window Resizing" : true,
  "Sync Title" : false,
  "Prompt Before Closing 2" : false,
  "BM Growl" : true,
  "Command" : "",
  "Description" : "Default",
  "Mouse Reporting" : true,
  "Screen" : -1,
  "Selection Color" : {
    "Red Component" : 0.34135481715202332,
    "Color Space" : "sRGB",
    "Blue Component" : 0.3365166187286377,
    "Alpha Component" : 1,
    "Green Component" : 0.32012468576431274
  },
  "Columns" : 80,
  "Idle Code" : 0,
  "Background Image Mode" : 2,
  "Ansi 13 Color" : {
    "Red Component" : 0.88517624139785767,
    "Color Space" : "sRGB",
    "Blue Component" : 0.73185664415359497,
    "Alpha Component" : 1,
    "Green Component" : 0.76203209161758423
  },
  "Custom Command" : "No",
  "ASCII Anti Aliased" : true,
  "tmux Pane Title" : "Default",
  "Non Ascii Font" : "Monaco 12",
  "Vertical Spacing" : 1,
  "Use Bold Font" : true,
  "Option Key Sends" : 0,
  "Selected Text Color" : {
    "Red Component" : 0.82172626256942749,
    "Color Space" : "sRGB",
    "Blue Component" : 0.66371840238571167,
    "Alpha Component" : 1,
    "Green Component" : 0.78160238265991211
  },
  "Background Color" : {
    "Red Component" : 0.071021072566509247,
    "Color Space" : "sRGB",
    "Blue Component" : 0.077282898128032684,
    "Alpha Component" : 1,
    "Green Component" : 0.071226023137569427
  },
  "Character Encoding" : 4,
  "Ansi 11 Color" : {
    "Red Component" : 0.96527022123336792,
    "Color Space" : "sRGB",
    "Blue Component" : 0.076210044324398041,
    "Alpha Component" : 1,
    "Green Component" : 0.40741658210754395
  },
  "Use Italic Font" : true,
  "Unlimited Scrollback" : false,
  "Keyboard Map" : {
    "0xf700-0x260000" : {
      "Text" : "[1;6A",
      "Action" : 10
    },
    "0x37-0x40000" : {
      "Text" : "0x1f",
      "Action" : 11
    },
    "0x32-0x40000" : {
      "Text" : "0x00",
      "Action" : 11
    },
    "0xf709-0x20000" : {
      "Text" : "[17;2~",
      "Action" : 10
    },
    "0xf70c-0x20000" : {
      "Text" : "[20;2~",
      "Action" : 10
    },
    "0xf729-0x20000" : {
      "Text" : "[1;2H",
      "Action" : 10
    },
    "0xf72b-0x40000" : {
      "Text" : "[1;5F",
      "Action" : 10
    },
    "0xf705-0x20000" : {
      "Text" : "[1;2Q",
      "Action" : 10
    },
    "0xf703-0x260000" : {
      "Text" : "[1;6C",
      "Action" : 10
    },
    "0xf700-0x220000" : {
      "Text" : "[1;2A",
      "Action" : 10
    },
    "0xf701-0x280000" : {
      "Text" : "0x1b 0x1b 0x5b 0x42",
      "Action" : 11
    },
    "0x38-0x40000" : {
      "Text" : "0x7f",
      "Action" : 11
    },
    "0x33-0x40000" : {
      "Text" : "0x1b",
      "Action" : 11
    },
    "0xf703-0x220000" : {
      "Text" : "[1;2C",
      "Action" : 10
    },
    "0xf701-0x240000" : {
      "Text" : "[1;5B",
      "Action" : 10
    },
    "0xf70d-0x20000" : {
      "Text" : "[21;2~",
      "Action" : 10
    },
    "0xf702-0x260000" : {
      "Text" : "[1;6D",
      "Action" : 10
    },
    "0xf729-0x40000" : {
      "Text" : "[1;5H",
      "Action" : 10
    },
    "0xf706-0x20000" : {
      "Text" : "[1;2R",
      "Action" : 10
    },
    "0x34-0x40000" : {
      "Text" : "0x1c",
      "Action" : 11
    },
    "0xf700-0x280000" : {
      "Text" : "0x1b 0x1b 0x5b 0x41",
      "Action" : 11
    },
    "0x2d-0x40000" : {
      "Text" : "0x1f",
      "Action" : 11
    },
    "0xf70e-0x20000" : {
      "Text" : "[23;2~",
      "Action" : 10
    },
    "0xf702-0x220000" : {
      "Text" : "[1;2D",
      "Action" : 10
    },
    "0xf703-0x280000" : {
      "Text" : "0x1b 0x1b 0x5b 0x43",
      "Action" : 11
    },
    "0xf700-0x240000" : {
      "Text" : "[1;5A",
      "Action" : 10
    },
    "0xf707-0x20000" : {
      "Text" : "[1;2S",
      "Action" : 10
    },
    "0xf70a-0x20000" : {
      "Text" : "[18;2~",
      "Action" : 10
    },
    "0x35-0x40000" : {
      "Text" : "0x1d",
      "Action" : 11
    },
    "0xf70f-0x20000" : {
      "Text" : "[24;2~",
      "Action" : 10
    },
    "0xf703-0x240000" : {
      "Text" : "[1;5C",
      "Action" : 10
    },
    "0xf701-0x260000" : {
      "Text" : "[1;6B",
      "Action" : 10
    },
    "0xf702-0x280000" : {
      "Text" : "0x1b 0x1b 0x5b 0x44",
      "Action" : 11
    },
    "0xf72b-0x20000" : {
      "Text" : "[1;2F",
      "Action" : 10
    },
    "0x36-0x40000" : {
      "Text" : "0x1e",
      "Action" : 11
    },
    "0xf708-0x20000" : {
      "Text" : "[15;2~",
      "Action" : 10
    },
    "0xf701-0x220000" : {
      "Text" : "[1;2B",
      "Action" : 10
    },
    "0xf70b-0x20000" : {
      "Text" : "[19;2~",
      "Action" : 10
    },
    "0xf702-0x240000" : {
      "Text" : "[1;5D",
      "Action" : 10
    },
    "0xf704-0x20000" : {
      "Text" : "[1;2P",
      "Action" : 10
    }
  },
  "Window Type" : 0,
  "Cursor Type" : 0,
  "Background Image Location" : "\/Users\/iapx86\/Documents\/termbackground.jpg",
  "Blur" : false,
  "Badge Color" : {
    "Red Component" : 1,
    "Color Space" : "sRGB",
    "Blue Component" : 0,
    "Alpha Component" : 0.5,
    "Green Component" : 0.1491314172744751
  },
  "Scrollback Lines" : 1000,
  "Send Code When Idle" : false,
  "Close Sessions On End" : true,
  "Terminal Type" : "xterm-256color",
  "Visual Bell" : true,
  "Flashing Bell" : false,